companyId,companyName,provider,identifier,jobCount,slugSource
1inch,1inch,ASHBY,1inch,0,manifest_id
1inch,1inch,LEVER,1inch,15,manifest_id
2degrees,2degrees,ASHBY,2degrees,0,manifest_id
3ina,3INA,ASHBY,3ina,0,manifest_id
880-productions-nz-lp,880 Productions NZ LP,ASHBY,880-productions-nz-lp,0,manifest_id
abantail,Abantail,ASHBY,abantail,0,manifest_id
abb,ABB,ASHBY,abb,0,manifest_id
abc-au,Australian Broadcasting Corporation (ABC),ASHBY,abc-au,0,manifest_id
absolute-it,Absolute IT,ASHBY,absolute-it,0,manifest_id
accenture-australia,Accenture Australia,ASHBY,accenture-australia,0,manifest_id
acci-n-contra-el-hambre,Acción contra el Hambre,ASHBY,acci-n-contra-el-hambre,0,manifest_id
acento,Acento,ASHBY,acento,0,manifest_id
acorn,Acorn,ASHBY,acorn,0,manifest_id
acquire,acQuire,ASHBY,acquire,0,manifest_id
actioglobal,ActioGlobal®,ASHBY,actioglobal,0,manifest_id
action1,Action1,ASHBY,action1,0,manifest_id
ad4-oct-gono,AD4 Octógono,ASHBY,ad4-oct-gono,0,manifest_id
aderen,Aderen,ASHBY,aderen,0,manifest_id
adp,ADP,ASHBY,adp,0,manifest_id
advance-delivery-consulting,Advance Delivery Consulting,ASHBY,advance-delivery-consulting,0,manifest_id
advanced-design-technology-pty-ltd,Advanced Design Technology Pty Ltd,ASHBY,advanced-design-technology-pty-ltd,0,manifest_id
advantive,Advantive,ASHBY,advantive,0,manifest_id
aecom,AECOM,ASHBY,aecom,0,manifest_id
aenor,AENOR,ASHBY,aenor,0,manifest_id
afiansys,Afiansys,ASHBY,afiansys,0,manifest_id
agentero,Agentero,ASHBY,agentero,0,manifest_id
agscent,Agscent,ASHBY,agscent,0,manifest_id
aha,Aha!,ASHBY,aha,0,manifest_id
aha,Aha!,GREENHOUSE,aha,1,manifest_id
airtificial,AIRTIFICIAL,ASHBY,airtificial,0,manifest_id
airtificial-intelligent-robots,Airtificial Intelligent Robots,ASHBY,airtificial-intelligent-robots,0,manifest_id
airtree,Airtree,ASHBY,airtree,0,manifest_id
airways-new-zealand,Airways New Zealand,ASHBY,airways-new-zealand,0,manifest_id
airzone-control,Airzone Control,ASHBY,airzone-control,0,manifest_id
aiven,Aiven,ASHBY,aiven,0,manifest_id
akens-nordburg,Akens\Nordburg,ASHBY,akens-nordburg,0,manifest_id
akqa,AKQA,ASHBY,akqa,0,manifest_id
akqa,AKQA,GREENHOUSE,akqa,71,manifest_id
al-n-space,Alén Space,ASHBY,al-n-space,0,manifest_id
albany-toyota,Albany Toyota,ASHBY,albany-toyota,0,manifest_id
alea,Alea,ASHBY,alea,0,manifest_id
alibaba-group,Alibaba Group,ASHBY,alibaba-group,0,manifest_id
align-talent,Align Talent,ASHBY,align-talent,0,manifest_id
alignerr,Alignerr,ASHBY,alignerr,0,manifest_id
alliance-group-limited,Alliance Group Limited,ASHBY,alliance-group-limited,0,manifest_id
alliance-instalaciones,Alliance Instalaciones y Mantenimientos,ASHBY,alliance-instalaciones,0,manifest_id
allianz-technology,Allianz Technology,ASHBY,allianz-technology,0,manifest_id
allrecruits,AllRecruits,ASHBY,allrecruits,0,manifest_id
alpaca,Alpaca,ASHBY,alpaca,0,manifest_id
alpaca,Alpaca,GREENHOUSE,alpaca,66,manifest_id
alpha-networks,Alpha Networks,ASHBY,alpha-networks,0,manifest_id
alquiler-seguro-grupo,Alquiler Seguro Grupo,ASHBY,alquiler-seguro-grupo,0,manifest_id
altech,ALTECH,ASHBY,altech,0,manifest_id
altitude,Altitude,ASHBY,altitude,0,manifest_id
altus-group,Altus Group,ASHBY,altus-group,0,manifest_id
alvac-s-a,ALVAC S.A.,ASHBY,alvac-s-a,0,manifest_id
amazon-web-services-aws,Amazon Web Services (AWS),ASHBY,amazon-web-services-aws,0,manifest_id
ambition,Ambition,ASHBY,ambition,0,manifest_id
amphora-logistics,Amphora Logistics,ASHBY,amphora-logistics,0,manifest_id
ampstek,Ampstek,ASHBY,ampstek,0,manifest_id
antler,Antler,ASHBY,antler,0,manifest_id
apartments-com-au,Apartments.com.au,ASHBY,apartments-com-au,0,manifest_id
apd-global,APD Global,ASHBY,apd-global,0,manifest_id
apd-s-a,APD S.A.,ASHBY,apd-s-a,0,manifest_id
apollinaris,Apollinaris,ASHBY,apollinaris,0,manifest_id
appdrawn-software-development,Appdrawn Software Development,ASHBY,appdrawn-software-development,0,manifest_id
apple,Apple,ASHBY,apple,0,manifest_id
applinet-sl,Applinet SL,ASHBY,applinet-sl,0,manifest_id
appoint-pty-ltd,Appoint Pty Ltd,ASHBY,appoint-pty-ltd,0,manifest_id
apprentus,Apprentus,ASHBY,apprentus,0,manifest_id
appsgenii-technologies,AppsGenii Technologies,ASHBY,appsgenii-technologies,0,manifest_id
araza,Araza,ASHBY,araza,0,manifest_id
arcadian-digital,Arcadian Digital,ASHBY,arcadian-digital,0,manifest_id
arcus-recruitment,Arcus Recruitment,ASHBY,arcus-recruitment,0,manifest_id
arlo-training-management-software,Arlo Training Management Software,ASHBY,arlo-training-management-software,0,manifest_id
asana,Asana,ASHBY,asana,0,manifest_id
asana,Asana,GREENHOUSE,asana,162,manifest_id
ascendion,Ascendion,ASHBY,ascendion,0,manifest_id
asesoria-informatica-torrelavega,Asesoria Informatica Torrelavega,ASHBY,asesoria-informatica-torrelavega,0,manifest_id
asic,ASIC,ASHBY,asic,0,manifest_id
assembl-talent,Assembl Talent,ASHBY,assembl-talent,0,manifest_id
assurity-consulting,Assurity Consulting,ASHBY,assurity-consulting,0,manifest_id
astek,Astek,ASHBY,astek,0,manifest_id
athos-commerce,Athos Commerce,ASHBY,athos-commerce,0,manifest_id
attekus,Attekus,ASHBY,attekus,0,manifest_id
atturra,Atturra,ASHBY,atturra,0,manifest_id
aubay,Aubay,ASHBY,aubay,0,manifest_id
aubay-spain,Aubay Spain,ASHBY,aubay-spain,0,manifest_id
auckland-airport,Auckland Airport,ASHBY,auckland-airport,0,manifest_id
auckland-university-of-technology,Auckland University of Technology,ASHBY,auckland-university-of-technology,0,manifest_id
auren,AUREN,ASHBY,auren,0,manifest_id
ausiex,AUSIEX,ASHBY,ausiex,0,manifest_id
australian-retirement-trust,Australian Retirement Trust,ASHBY,australian-retirement-trust,0,manifest_id
autoform-group,AutoForm Group,ASHBY,autoform-group,0,manifest_id
autograb,AutoGrab,ASHBY,autograb,0,manifest_id
autoguru,AutoGuru,ASHBY,autoguru,0,manifest_id
autorfp-ai,AutoRFP.ai,ASHBY,autorfp-ai,0,manifest_id
avanade,Avanade,ASHBY,avanade,0,manifest_id
avance-consulting,Avance Consulting,ASHBY,avance-consulting,0,manifest_id
axcelerate,aXcelerate,ASHBY,axcelerate,0,manifest_id
axis-data-s-l-u,Axis Data S.L.U.,ASHBY,axis-data-s-l-u,0,manifest_id
axle-capital,Axle Capital,ASHBY,axle-capital,0,manifest_id
ayesa-digital,Ayesa Digital,ASHBY,ayesa-digital,0,manifest_id
b-braun-group,B. Braun Group,ASHBY,b-braun-group,0,manifest_id
b2brouter,B2Brouter,ASHBY,b2brouter,0,manifest_id
babcock-australia-new-zealand,Babcock Australia & New Zealand,ASHBY,babcock-australia-new-zealand,0,manifest_id
bable-smart-cities,BABLE Smart Cities,ASHBY,bable-smart-cities,0,manifest_id
balance,Balance,ASHBY,balance,0,manifest_id
balance-recruitment,Balance Recruitment and Balance Consulting,ASHBY,balance-recruitment,0,manifest_id
basis,Basis,ASHBY,basis,0,manifest_id
basis,Basis,LEVER,basis,3,manifest_id
bcnc-group,BCNC GROUP,ASHBY,bcnc-group,0,manifest_id
bee-line-ready-mix,Bee Line Ready Mix,ASHBY,bee-line-ready-mix,0,manifest_id
beincrypto,BeInCrypto,ASHBY,beincrypto,0,manifest_id
bemobile,Bemobile,ASHBY,bemobile,0,manifest_id
bendigo-advertiser,Bendigo Advertiser,ASHBY,bendigo-advertiser,0,manifest_id
bending-spoons,Bending Spoons,ASHBY,bending-spoons,0,manifest_id
betashares,Betashares,ASHBY,betashares,0,manifest_id
bfpa,British Fluid Power Association (BFPA),ASHBY,bfpa,0,manifest_id
billigence,Billigence,ASHBY,billigence,0,manifest_id
biorce,Biorce,ASHBY,biorce,0,manifest_id
biorce,Biorce,LEVER,Biorce,0,raw_name
bixie,Bixie,ASHBY,bixie,0,manifest_id
black-sash,Black Sash,ASHBY,black-sash,0,manifest_id
blackbook-recruitment,Blackbook Recruitment,ASHBY,blackbook-recruitment,0,manifest_id
blackroc-recruitment,BLACKROC Recruitment,ASHBY,blackroc-recruitment,0,manifest_id
bluecurrent-australia-new-zealand,Bluecurrent Australia & New Zealand,ASHBY,bluecurrent-australia-new-zealand,0,manifest_id
bluetab-an-ibm-company,"Bluetab, an IBM Company",ASHBY,bluetab-an-ibm-company,0,manifest_id
bmm-testlabs,BMM Testlabs,ASHBY,bmm-testlabs,0,manifest_id
bond-software,Bond Software,ASHBY,bond-software,0,manifest_id
boon-solutions,Boon Solutions,ASHBY,boon-solutions,0,manifest_id
boston-consulting-group-bcg,Boston Consulting Group (BCG),ASHBY,boston-consulting-group-bcg,0,manifest_id
breaker,Breaker,ASHBY,breaker,0,manifest_id
brg,BRG,ASHBY,brg,0,manifest_id
bridge-it-engineering,Bridge IT Engineering,ASHBY,bridge-it-engineering,0,manifest_id
brunswick-marine-in-emea,Brunswick Marine in EMEA,ASHBY,brunswick-marine-in-emea,0,manifest_id
bryk-group,BRYK Group,ASHBY,bryk-group,0,manifest_id
bunnings,Bunnings,ASHBY,bunnings,0,manifest_id
bureau-veritas-north-america,Bureau Veritas North America,ASHBY,bureau-veritas-north-america,0,manifest_id
byd-harmony-auto-australia,BYD Harmony Auto Australia,ASHBY,byd-harmony-auto-australia,0,manifest_id
c-vica,Cívica,ASHBY,c-vica,0,manifest_id
caixabank-asset-management,CaixaBank Asset Management,ASHBY,caixabank-asset-management,0,manifest_id
caixabank-tech,CaixaBank Tech,ASHBY,caixabank-tech,0,manifest_id
cambrian-intelligence-sl,Cambrian Intelligence SL,ASHBY,cambrian-intelligence-sl,0,manifest_id
camilla,CAMILLA,ASHBY,camilla,0,manifest_id
capgemini-engineering,Capgemini Engineering,ASHBY,capgemini-engineering,0,manifest_id
capgemini-invent,Capgemini Invent,ASHBY,capgemini-invent,0,manifest_id
capitole,Capitole,ASHBY,capitole,0,manifest_id
carecone-group,CareCone Group,ASHBY,carecone-group,0,manifest_id
careers-at-council,Careers at Council,ASHBY,careers-at-council,0,manifest_id
careerus-solutions,CareerUS Solutions,ASHBY,careerus-solutions,0,manifest_id
catalyst-funds-management,Catalyst Funds Management,ASHBY,catalyst-funds-management,0,manifest_id
catemo,Catemo,ASHBY,catemo,0,manifest_id
caterpillar-inc,Caterpillar Inc.,ASHBY,caterpillar-inc,0,manifest_id
cause-and-fx,CAUSE AND FX,ASHBY,cause-and-fx,0,manifest_id
centrapay,centrapay,ASHBY,centrapay,0,manifest_id
centum-research-technology,CENTUM research & technology,ASHBY,centum-research-technology,0,manifest_id
champion-data,Champion Data,ASHBY,champion-data,0,manifest_id
change-recruitment,Change Recruitment,ASHBY,change-recruitment,0,manifest_id
channel-factory,Channel Factory,ASHBY,channel-factory,0,manifest_id
chapter-one,Chapter One,ASHBY,chapter-one,0,manifest_id
cheil-new-zealand,Cheil New Zealand,ASHBY,cheil-new-zealand,0,manifest_id
chubb,Chubb,ASHBY,chubb,0,manifest_id
chuffed-org,Chuffed.org,ASHBY,chuffed-org,0,manifest_id
cipex,CIPEx - Consejo de Ingenieros Peruanos en el EXterior,ASHBY,cipex,0,manifest_id
circuit-recruitment-group,Circuit Recruitment Group,ASHBY,circuit-recruitment-group,0,manifest_id
cisco,Cisco,ASHBY,cisco,0,manifest_id
city-of-sydney,City of Sydney,ASHBY,city-of-sydney,0,manifest_id
citycare-water,Citycare Water,ASHBY,citycare-water,0,manifest_id
civica,Civica,ASHBY,civica,0,manifest_id
clear21,Clear21,ASHBY,clear21,0,manifest_id
cleared-recruitment,Cleared Recruitment,ASHBY,cleared-recruitment,0,manifest_id
clearml,ClearML,ASHBY,clearml,0,manifest_id
clearroute,ClearRoute,ASHBY,clearroute,0,manifest_id
cmv-consultores,CMV Consultores,ASHBY,cmv-consultores,0,manifest_id
codurance,Codurance,ASHBY,codurance,0,manifest_id
coforge,Coforge,ASHBY,coforge,0,manifest_id
cofrico,Cofrico,ASHBY,cofrico,0,manifest_id
cognex-corporation,Cognex Corporation,ASHBY,cognex-corporation,0,manifest_id
cognizant,Cognizant,ASHBY,cognizant,0,manifest_id
colabyr,Colabyr,ASHBY,colabyr,0,manifest_id
commonwealth-bank,Commonwealth Bank,ASHBY,commonwealth-bank,0,manifest_id
community-housing-ltd,Community Housing Ltd,ASHBY,community-housing-ltd,0,manifest_id
compass-education,Compass Education,ASHBY,compass-education,0,manifest_id
complexio,Complexio,ASHBY,complexio,0,manifest_id
computershare-australia,Computershare Australia,ASHBY,computershare-australia,0,manifest_id
concentrio-ag,Concentrio AG,ASHBY,concentrio-ag,0,manifest_id
confidential-careers,Confidential Careers,ASHBY,confidential-careers,0,manifest_id
constructor-tech,Constructor Tech,ASHBY,constructor-tech,0,manifest_id
contented,Contented,ASHBY,contented,0,manifest_id
convotis-iberia,CONVOTIS Iberia,ASHBY,convotis-iberia,0,manifest_id
copreci,Copreci,ASHBY,copreci,0,manifest_id
corde,CORDE,ASHBY,corde,0,manifest_id
core-dna,Core dna,ASHBY,core-dna,0,manifest_id
coreplan,CorePlan,ASHBY,coreplan,8,manifest_id
corpay,Corpay,ASHBY,corpay,0,manifest_id
corporaci-n-jim-nez-ma-a,CORPORACIÓN JIMÉNEZ MAÑA,ASHBY,corporaci-n-jim-nez-ma-a,0,manifest_id
corto,CORTO,ASHBY,corto,0,manifest_id
costa,Costa,ASHBY,costa,0,manifest_id
cotton-on-group,Cotton On Group,ASHBY,cotton-on-group,0,manifest_id
cox-purtell-staffing-services,Cox Purtell Staffing Services,ASHBY,cox-purtell-staffing-services,0,manifest_id
cquniversity,CQUniversity,ASHBY,cquniversity,0,manifest_id
crc-obras-y-servicios,CRC Obras y Servicios,ASHBY,crc-obras-y-servicios,0,manifest_id
crealogix,CREALOGIX,ASHBY,crealogix,0,manifest_id
credera,Credera,ASHBY,credera,0,manifest_id
credera,Credera,GREENHOUSE,credera,34,manifest_id
creditorwatch,CreditorWatch,ASHBY,creditorwatch,0,manifest_id
crescenta,Crescenta,ASHBY,crescenta,0,manifest_id
crisalix,Crisalix,ASHBY,crisalix,0,manifest_id
crossing-hurdles,Crossing Hurdles,ASHBY,crossing-hurdles,0,manifest_id
crown-lift-trucks-new-zealand,Crown Lift Trucks New Zealand,ASHBY,crown-lift-trucks-new-zealand,0,manifest_id
crypto-com,Crypto.com,ASHBY,crypto-com,0,manifest_id
csa-integraci-de-sistemes,CSA Integració de Sistemes,ASHBY,csa-integraci-de-sistemes,0,manifest_id
csg-talent,CSG Talent,ASHBY,csg-talent,0,manifest_id
cuatroochenta,Cuatroochenta,ASHBY,cuatroochenta,0,manifest_id
cubewire,Cubewire,ASHBY,cubewire,0,manifest_id
cuscal-limited,Cuscal Limited,ASHBY,cuscal-limited,0,manifest_id
cybernetyx,Cybernetyx,ASHBY,cybernetyx,0,manifest_id
cygnus-consulting,Cygnus Consulting,ASHBY,cygnus-consulting,0,manifest_id
dashbook,DashBook,ASHBY,dashbook,0,manifest_id
data-3,Data#3,ASHBY,data-3,0,manifest_id
data-action,Data Action,ASHBY,data-action,0,manifest_id
dataannotation,DataAnnotation,ASHBY,dataannotation,0,manifest_id
datadope,Datadope,ASHBY,datadope,0,manifest_id
dataengine,dataengine,ASHBY,dataengine,0,manifest_id
davidson,Davidson,ASHBY,davidson,0,manifest_id
davinci-ti,Davinci TI,ASHBY,davinci-ti,0,manifest_id
dawn-aerospace,Dawn Aerospace,ASHBY,dawn-aerospace,0,manifest_id
dawnaerospace,Dawn Aerospace,ASHBY,dawnaerospace,0,manifest_id
dawnaerospace,Dawn Aerospace,GREENHOUSE,dawnaerospace,16,manifest_id
dbiz-ai,Digital Biz Solutions,ASHBY,dbiz-ai,0,manifest_id
dds-it,DDS IT,ASHBY,dds-it,0,manifest_id
deale,Deale,ASHBY,deale,0,manifest_id
decskill-espa-a,Decskill España,ASHBY,decskill-espa-a,0,manifest_id
delfos-energy,Delfos Energy,ASHBY,delfos-energy,0,manifest_id
dematic,Dematic,ASHBY,dematic,0,manifest_id
dempo,Dempo,ASHBY,dempo,0,manifest_id
destinus,Destinus,ASHBY,destinus,0,manifest_id
deutsche-bank,Deutsche Bank,ASHBY,deutsche-bank,0,manifest_id
developxr,developXR,ASHBY,developxr,0,manifest_id
devision-recruitment,DeVision Recruitment,ASHBY,devision-recruitment,0,manifest_id
devo,Devo,ASHBY,devo,0,manifest_id
digicert,DigiCert,ASHBY,digicert,0,manifest_id
digicert,DigiCert,GREENHOUSE,digicert,52,manifest_id
discovered-people,Discovered People,ASHBY,discovered-people,0,manifest_id
dispensed-global,Dispensed Global,ASHBY,dispensed-global,0,manifest_id
dius,DiUS,ASHBY,dius,0,manifest_id
dl-remote,DL Remote,ASHBY,dl-remote,0,manifest_id
doofinder,Doofinder,ASHBY,doofinder,0,manifest_id
drawboard,Drawboard,ASHBY,drawboard,0,manifest_id
drees-sommer-espa-a,Drees & Sommer España,ASHBY,drees-sommer-espa-a,0,manifest_id
dronedeploy,DroneDeploy,ASHBY,dronedeploy,0,manifest_id
droneshield,DroneShield,ASHBY,droneshield,0,manifest_id
duco-limited,Duco Limited,ASHBY,duco-limited,0,manifest_id
dx1,DX1,ASHBY,dx1,0,manifest_id
dxc-aus-nz,DXC Technology - Australia and New Zealand,ASHBY,dxc-aus-nz,0,manifest_id
dynamic-macroweb-design-s-l,Dynamic MacroWeb & Design S.L.,ASHBY,dynamic-macroweb-design-s-l,0,manifest_id
easygo,Easygo,ASHBY,easygo,0,manifest_id
easygo,Easygo,GREENHOUSE,easygo,53,manifest_id
ebury,Ebury,ASHBY,ebury,0,manifest_id
ebury,Ebury,GREENHOUSE,ebury,261,manifest_id
echo-base-global,Echo Base Global,ASHBY,echo-base-global,0,manifest_id
ecoportal,ecoPortal,ASHBY,ecoportal,0,manifest_id
edge2020,Edge2020,ASHBY,edge2020,0,manifest_id
eftsure,Eftsure,ASHBY,eftsure,0,manifest_id
eil-global,EIL Global,ASHBY,eil-global,0,manifest_id
eisi-soft,EISI SOFT,ASHBY,eisi-soft,0,manifest_id
el-fuerte-marbella-5,Hotel El Fuerte Marbella 5*,ASHBY,el-fuerte-marbella-5,0,manifest_id
elcee,ELCEE,ASHBY,elcee,0,manifest_id
electronic-arts-ea,Electronic Arts (EA),ASHBY,electronic-arts-ea,0,manifest_id
elfie,Elfie,ASHBY,elfie,0,manifest_id
elfie,Elfie,LEVER,elfie,0,manifest_id
elifab,Elifab,ASHBY,elifab,0,manifest_id
embat,Embat,ASHBY,embat,0,manifest_id
emesent,Emesent,ASHBY,emesent,0,manifest_id
emesent,Emesent,LEVER,Emesent,5,raw_name
emetel,EMETEL,ASHBY,emetel,0,manifest_id
emmbr,Emmbr,ASHBY,emmbr,0,manifest_id
employee-first,Employee First - Recruitment & Engagement,ASHBY,employee-first,0,manifest_id
enatel,Enatel,ASHBY,enatel,0,manifest_id
encamina,ENCAMINA,ASHBY,encamina,0,manifest_id
encompass-technologies,Encompass Technologies,ASHBY,encompass-technologies,0,manifest_id
endeavour-energy-nsw,Endeavour Energy (NSW),ASHBY,endeavour-energy-nsw,0,manifest_id
energiot,Energiot,ASHBY,energiot,0,manifest_id
engender-technologies-limited,Engender Technologies Limited,ASHBY,engender-technologies-limited,0,manifest_id
engenious,Engenious,ASHBY,engenious,0,manifest_id
enginy,Enginy,ASHBY,enginy,0,manifest_id
enginy,Enginy,GREENHOUSE,enginy,9,manifest_id
entain-australia-new-zealand,Entain Australia & New Zealand,ASHBY,entain-australia-new-zealand,0,manifest_id
entelar-group,Entelar Group,ASHBY,entelar-group,0,manifest_id
entelect,Entelect,ASHBY,entelect,0,manifest_id
entelgy,Entelgy,ASHBY,entelgy,0,manifest_id
enusa,"ENUSA Industrias Avanzadas, S.A., S.M.E.",ASHBY,enusa,0,manifest_id
epi-company,EPI Company,ASHBY,epi-company,0,manifest_id
epicom,EPICOM,ASHBY,epicom,0,manifest_id
epson-australia,Epson Australia,ASHBY,epson-australia,0,manifest_id
ernesto-vent-s,Ernesto Ventós,ASHBY,ernesto-vent-s,0,manifest_id
escape-velocity-entertainment,Escape Velocity Entertainment,ASHBY,escape-velocity-entertainment,0,manifest_id
esri,Esri,ASHBY,esri,0,manifest_id
esri,Esri,GREENHOUSE,esri,366,manifest_id
eurofins,Eurofins,ASHBY,eurofins,0,manifest_id
evernote,Evernote,ASHBY,evernote,0,manifest_id
evolution,Evolution,ASHBY,evolution,0,manifest_id
evolution-australia,Evolution Australia,ASHBY,evolution-australia,0,manifest_id
evotix,Evotix,ASHBY,evotix,0,manifest_id
exoticca,Exoticca,ASHBY,exoticca,0,manifest_id
experian-asia-pacific,Experian Asia Pacific,ASHBY,experian-asia-pacific,0,manifest_id
experience-it-solutions,Experience IT Solutions,ASHBY,experience-it-solutions,0,manifest_id
experis-australia,Experis Australia,ASHBY,experis-australia,0,manifest_id
ey,EY,ASHBY,ey,0,manifest_id
f5,F5,ASHBY,f5,0,manifest_id
fabricados-histron-sl,FABRICADOS HISTRON SL,ASHBY,fabricados-histron-sl,0,manifest_id
factech-servicios-inform-ticos,Factech Servicios Informáticos,ASHBY,factech-servicios-inform-ticos,0,manifest_id
fat-zebra,Fat Zebra,ASHBY,fat-zebra,0,manifest_id
fever,Fever,ASHBY,fever,0,manifest_id
fibonad,Fibonad,ASHBY,fibonad,0,manifest_id
fideltour,Fideltour,ASHBY,fideltour,0,manifest_id
fionics,Fionics,ASHBY,fionics,0,manifest_id
first-page,First Page,ASHBY,first-page,0,manifest_id
fisher-paykel-appliances,Fisher & Paykel Appliances,ASHBY,fisher-paykel-appliances,0,manifest_id
fisher-paykel-appliances,Fisher & Paykel Appliances,LEVER,fp,31,alt_slug
fistrek,Fistrek,ASHBY,fistrek,0,manifest_id
fitness-passport,Fitness Passport,ASHBY,fitness-passport,0,manifest_id
flabelus,Flabelus,ASHBY,flabelus,0,manifest_id
flowbox,Flowbox,ASHBY,flowbox,0,manifest_id
flowww,flowww,ASHBY,flowww,0,manifest_id
fluendo,Fluendo,ASHBY,fluendo,0,manifest_id
fnac-espa-a,FNAC España,ASHBY,fnac-espa-a,0,manifest_id
follett-software,Follett Software,ASHBY,follett-software,0,manifest_id
forgotten-empires,Forgotten Empires,ASHBY,forgotten-empires,0,manifest_id
formitize,Formitize,ASHBY,formitize,0,manifest_id
forwards-talent,Forwards Talent,ASHBY,forwards-talent,0,manifest_id
foster-moore-the-registry-people,Foster Moore - The registry people ®,ASHBY,foster-moore-the-registry-people,0,manifest_id
fpcm-madrid,Fundación Parque Científico de Madrid,ASHBY,fpcm-madrid,0,manifest_id
freedx,Freedx,ASHBY,freedx,0,manifest_id
fsjd,Fundació de Recerca Sant Joan de Déu,ASHBY,fsjd,0,manifest_id
fuel50,Fuel50,ASHBY,fuel50,0,manifest_id
fujitsu,Fujitsu,ASHBY,fujitsu,0,manifest_id
fulcrum-decision-fdl,Fulcrum Decision (FDL),ASHBY,fulcrum-decision-fdl,0,manifest_id
fusion5,Fusion5,ASHBY,fusion5,0,manifest_id
fusionhit,FusionHit,ASHBY,fusionhit,0,manifest_id
fynd,Fynd,ASHBY,fynd,0,manifest_id
galadrim,Galadrim,ASHBY,galadrim,0,manifest_id
gamblingcareers-com,GamblingCareers.com,ASHBY,gamblingcareers-com,0,manifest_id
garmin,Garmin,ASHBY,garmin,0,manifest_id
geeks-on-site,Geeks on Site,ASHBY,geeks-on-site,0,manifest_id
general-technologies-consulting,General Technologies Consulting,ASHBY,general-technologies-consulting,0,manifest_id
generate-kiwisaver-scheme,Generate KiwiSaver Scheme,ASHBY,generate-kiwisaver-scheme,0,manifest_id
gensrv-pty-ltd,GenSrv Pty Ltd,ASHBY,gensrv-pty-ltd,0,manifest_id
gesnaer-consulting,Gesnaer Consulting,ASHBY,gesnaer-consulting,0,manifest_id
gesti-n-de-residencias,Gestión de Residencias,ASHBY,gesti-n-de-residencias,0,manifest_id
giesecke-devrient,Giesecke+Devrient,ASHBY,giesecke-devrient,0,manifest_id
global-wave-group,Global Wave Group,ASHBY,global-wave-group,0,manifest_id
globant,Globant,ASHBY,globant,0,manifest_id
globewest,GLOBEWEST,ASHBY,globewest,0,manifest_id
glovo,Glovo,ASHBY,glovo,0,manifest_id
gmv,GMV,ASHBY,gmv,0,manifest_id
gofacing,"goFacing, Cloud videoconference & Collaboration",ASHBY,gofacing,0,manifest_id
google,Google,ASHBY,google,0,manifest_id
gopro,GoPro,ASHBY,gopro,0,manifest_id
gramian-consulting,Gramian Consulting,ASHBY,gramian-consulting,0,manifest_id
great-value-hiring,Great Value Hiring,ASHBY,great-value-hiring,0,manifest_id
greek-peak-mountain-resort,Greek Peak Mountain Resort,ASHBY,greek-peak-mountain-resort,0,manifest_id
gridsight,GRIDSIGHT,ASHBY,gridsight,0,manifest_id
growthbook,GrowthBook,ASHBY,growthbook,0,manifest_id
grupo-alonso,Grupo Alonso,ASHBY,grupo-alonso,0,manifest_id
grupo-amper,Grupo Amper,ASHBY,grupo-amper,0,manifest_id
grupo-de-prado,Grupo De Prado,ASHBY,grupo-de-prado,0,manifest_id
grupo-digital,Grupo Digital,ASHBY,grupo-digital,0,manifest_id
grupo-fire,Grupo Fire,ASHBY,grupo-fire,0,manifest_id
grupo-noria,Grupo Noria,ASHBY,grupo-noria,0,manifest_id
grupo-ns,Grupo NS,ASHBY,grupo-ns,0,manifest_id
grupo-spec,Grupo SPEC,ASHBY,grupo-spec,0,manifest_id
gs,GISPERT,ASHBY,gs,0,manifest_id
gt-motive-spain,GT Motive,ASHBY,gt-motive-spain,0,manifest_id
halcyon-knights,Halcyon Knights,ASHBY,halcyon-knights,0,manifest_id
hanwha-defence-australia,Hanwha Defence Australia,ASHBY,hanwha-defence-australia,0,manifest_id
harris-farms-ltd,Harris Farms Ltd,ASHBY,harris-farms-ltd,0,manifest_id
harvey,Harvey.,ASHBY,harvey,211,manifest_id
hasten-group,Hasten Group,ASHBY,hasten-group,0,manifest_id
hato-hone-st-john,Hato Hone St John,ASHBY,hato-hone-st-john,0,manifest_id
hawkins,Hawkins,ASHBY,hawkins,0,manifest_id
hays,Hays,ASHBY,hays,0,manifest_id
hellofresh,HelloFresh,ASHBY,hellofresh,0,manifest_id
hellofresh,HelloFresh,GREENHOUSE,hellofresh,388,manifest_id
henry-schein-one,Henry Schein One,ASHBY,henry-schein-one,0,manifest_id
henry-schein-one-uk,Henry Schein One UK,ASHBY,henry-schein-one-uk,0,manifest_id
hexaware-technologies,Hexaware Technologies,ASHBY,hexaware-technologies,0,manifest_id
heyclue,HeyClue,ASHBY,heyclue,0,manifest_id
hi-iberia-ingenier-a-y-proyectos,HI Iberia Ingeniería y Proyectos,ASHBY,hi-iberia-ingenier-a-y-proyectos,0,manifest_id
hilo-by-aktiia,Hilo by Aktiia,ASHBY,hilo-by-aktiia,0,manifest_id
hnry,Hnry,ASHBY,hnry,0,manifest_id
hola-consultores-sl,Hola Consultores,ASHBY,hola-consultores-sl,0,manifest_id
homa,Homa,ASHBY,homa,0,manifest_id
honeywell,Honeywell,ASHBY,honeywell,0,manifest_id
hopla-software,HOPLA! Software,ASHBY,hopla-software,0,manifest_id
horizon-digital,Horizon Digital,ASHBY,horizon-digital,0,manifest_id
hso,HSO,ASHBY,hso,0,manifest_id
hso,HSO,LEVER,hso,5,manifest_id
hub24-limited,HUB24 Limited,ASHBY,hub24-limited,0,manifest_id
human-made,Human Made,ASHBY,human-made,0,manifest_id
hume-city-council,Hume City Council,ASHBY,hume-city-council,0,manifest_id
huspy,Huspy,ASHBY,huspy,0,manifest_id
hutt-city-council,Hutt City Council,ASHBY,hutt-city-council,0,manifest_id
hyde-park-corner-installations,Hyde Park Corner Installations,ASHBY,hyde-park-corner-installations,0,manifest_id
hydra-search,Hydra Search,ASHBY,hydra-search,0,manifest_id
hynds-pipe-systems-limited,Hynds Pipe Systems Limited,ASHBY,hynds-pipe-systems-limited,0,manifest_id
hypt,hypt,ASHBY,hypt,0,manifest_id
iag,IAG,ASHBY,iag,0,manifest_id
iav-gmbh,IAV GmbH,ASHBY,iav-gmbh,0,manifest_id
ibm,IBM,ASHBY,ibm,0,manifest_id
idealista,Idealista,ASHBY,idealista,0,manifest_id
ignite-visibility,Ignite Visibility,ASHBY,ignite-visibility,0,manifest_id
igreendata-a-synechron-company,iGreenData,ASHBY,igreendata-a-synechron-company,0,manifest_id
ilerna,iLERNA,ASHBY,ilerna,0,manifest_id
ilovepdf,iLovePDF,ASHBY,ilovepdf,0,manifest_id
ima-health,IMA Health,ASHBY,ima-health,0,manifest_id
imc-trading,IMC Trading,ASHBY,imc-trading,0,manifest_id
imc-trading,IMC Trading,GREENHOUSE,imc,149,alt_slug
indra-group,Indra Group,ASHBY,indra-group,0,manifest_id
inetum,Inetum,ASHBY,inetum,0,manifest_id
infatica-io,Infatica.io,ASHBY,infatica-io,0,manifest_id
infocentric,InfoCentric,ASHBY,infocentric,0,manifest_id
infortec-consultores,Infortec Consultores,ASHBY,infortec-consultores,0,manifest_id
infosys,Infosys,ASHBY,infosys,0,manifest_id
ing-espa-a-portugal,ING España&Portugal,ASHBY,ing-espa-a-portugal,0,manifest_id
ingenico,Ingenico,ASHBY,ingenico,0,manifest_id
ingram-micro,Ingram Micro,ASHBY,ingram-micro,0,manifest_id
innoqubit,InnoQubit,ASHBY,innoqubit,0,manifest_id
innovamat,Innovamat,ASHBY,innovamat,0,manifest_id
innovation-group-spain,Innovation Group Spain,ASHBY,innovation-group-spain,0,manifest_id
innovent-software,Innovent Software,ASHBY,innovent-software,0,manifest_id
insightwise,InsightWise,ASHBY,insightwise,0,manifest_id
intecfy,Intecfy,ASHBY,intecfy,0,manifest_id
integra,Integra Tecnología,ASHBY,integra,0,manifest_id
integra,Integra Tecnología,GREENHOUSE,integra,7,manifest_id
intell-it,Intell-IT,ASHBY,intell-it,0,manifest_id
intellias,Intellias,ASHBY,intellias,0,manifest_id
interface-agency-australia,Interface Agency Australia,ASHBY,interface-agency-australia,0,manifest_id
intetics,Intetics,ASHBY,intetics,0,manifest_id
intrec-ai-recruitment,IntRec AI Recruitment,ASHBY,intrec-ai-recruitment,0,manifest_id
investorhub,InvestorHub,ASHBY,investorhub,0,manifest_id
inzu-group,INZU Group,ASHBY,inzu-group,0,manifest_id
iqana,Iqana,ASHBY,iqana,0,manifest_id
iscarem-human-resources-s-l,"ISCAREM Human Resources, S.L.",ASHBY,iscarem-human-resources-s-l,0,manifest_id
iselect,iSelect,ASHBY,iselect,0,manifest_id
it-partner,IT Partner,ASHBY,it-partner,0,manifest_id
itbility,ITbility,ASHBY,itbility,0,manifest_id
itc-infotech,ITC Infotech,ASHBY,itc-infotech,0,manifest_id
itcc-digital,ITCC Digital,ASHBY,itcc-digital,0,manifest_id
iteration-mobile-s-l,Iteration Mobile,ASHBY,iteration-mobile-s-l,0,manifest_id
iteriam,ITERIAM,ASHBY,iteriam,0,manifest_id
itg-technology-center,ITG Technology Center,ASHBY,itg-technology-center,0,manifest_id
itw-asia-pacific,ITW Construction Asia Pacific,ASHBY,itw-asia-pacific,0,manifest_id
izzard,Izzard,ASHBY,izzard,0,manifest_id
j4rvis,J4RVIS,ASHBY,j4rvis,0,manifest_id
jakala,JAKALA,ASHBY,jakala,0,manifest_id
january-capital,January Capital,ASHBY,january-capital,0,manifest_id
jfc-ltd,JFC Ltd,ASHBY,jfc-ltd,0,manifest_id
jfrog,JFrog,ASHBY,jfrog,0,manifest_id
jfrog,JFrog,GREENHOUSE,jfrog,135,manifest_id
jjungles-agencyos,JJungles™ AgencyOS,ASHBY,jjungles-agencyos,0,manifest_id
jobhunter,Jobhunter,ASHBY,jobhunter,0,manifest_id
journi,Journi,ASHBY,journi,0,manifest_id
julius-baer,Julius Baer,ASHBY,julius-baer,0,manifest_id
just-digital-people,Just Digital People,ASHBY,just-digital-people,0,manifest_id
k-lagan,K-LAGAN,ASHBY,k-lagan,0,manifest_id
k2-partnering-solutions,K2 Partnering Solutions,ASHBY,k2-partnering-solutions,0,manifest_id
kaimate-nz-ltd,KaiMate NZ Ltd.,ASHBY,kaimate-nz-ltd,0,manifest_id
kairos-digital-solutions,Kairós Digital Solutions,ASHBY,kairos-digital-solutions,0,manifest_id
kaliba,Kaliba,ASHBY,kaliba,0,manifest_id
kaluza,Kaluza,ASHBY,kaluza,0,manifest_id
kaluza,Kaluza,GREENHOUSE,kaluza,36,manifest_id
kapa-ai,kapa.ai,ASHBY,kapa-ai,0,manifest_id
karat,Karat,ASHBY,karat,0,manifest_id
karat,Karat,GREENHOUSE,karat,6,manifest_id
kd,KD,ASHBY,kd,0,manifest_id
kelea,Kelea,ASHBY,kelea,0,manifest_id
kenmei,Kenmei,ASHBY,kenmei,0,manifest_id
keysight-technologies,Keysight Technologies,ASHBY,keysight-technologies,0,manifest_id
kiwibank,Kiwibank,ASHBY,kiwibank,0,manifest_id
komodo-wellbeing,Komodo Wellbeing,ASHBY,komodo-wellbeing,0,manifest_id
komvida-organic-kombucha,Komvida Organic Kombucha,ASHBY,komvida-organic-kombucha,0,manifest_id
konica-minolta-australia,Konica Minolta Australia,ASHBY,konica-minolta-australia,0,manifest_id
kordamentha,KordaMentha,ASHBY,kordamentha,0,manifest_id
kordia,Kordia,ASHBY,kordia,0,manifest_id
kore,KORE,ASHBY,kore,0,manifest_id
kpmg-espa-a,KPMG España,ASHBY,kpmg-espa-a,0,manifest_id
krell,Krell Consulting,ASHBY,krell,0,manifest_id
kuik-software-it-ia,Kuik Software,ASHBY,kuik-software-it-ia,0,manifest_id
kyndryl,Kyndryl,ASHBY,kyndryl,0,manifest_id
la-salle-bcn,La Salle BCN,ASHBY,la-salle-bcn,0,manifest_id
lacoste,Lacoste,ASHBY,lacoste,0,manifest_id
lago-s-p-a,Lago S.p.a.,ASHBY,lago-s-p-a,0,manifest_id
landbot,Landbot,ASHBY,landbot,0,manifest_id
landra-sistemas,Landra Sistemas,ASHBY,landra-sistemas,0,manifest_id
laravel,Laravel,ASHBY,laravel,0,manifest_id
laser-group-nz,Laser® Group NZ,ASHBY,laser-group-nz,0,manifest_id
lastminute-com,lastminute.com,ASHBY,lastminute-com,0,manifest_id
lawvu,LawVu,ASHBY,lawvu,0,manifest_id
lawy,LawY,ASHBY,lawy,0,manifest_id
lazard,Lazard,ASHBY,lazard,0,manifest_id
leap-legal-software,LEAP Legal Software,ASHBY,leap-legal-software,0,manifest_id
ledgy,Ledgy,ASHBY,ledgy,0,manifest_id
ledgy,Ledgy,GREENHOUSE,ledgy,7,manifest_id
leidos,Leidos,ASHBY,leidos,0,manifest_id
les-mills-brasil,Les Mills Brasil 🇧🇷,ASHBY,les-mills-brasil,0,manifest_id
les-mills-international,Les Mills International,ASHBY,les-mills-international,0,manifest_id
letterboxd,Letterboxd,ASHBY,letterboxd,0,manifest_id
libran-it,Libran IT,ASHBY,libran-it,0,manifest_id
lidl-espa-a,Lidl España,ASHBY,lidl-espa-a,0,manifest_id
lifebyte-systems,LifeByte Systems,ASHBY,lifebyte-systems,0,manifest_id
lifehealthcare,LifeHealthcare,ASHBY,lifehealthcare,0,manifest_id
light-wonder,Light & Wonder,ASHBY,light-wonder,0,manifest_id
lightfield-medical,Lightfield Medical,ASHBY,lightfield-medical,0,manifest_id
loanoptions-ai,LoanOptions.ai,ASHBY,loanoptions-ai,0,manifest_id
localstack,LocalStack,ASHBY,localstack,0,manifest_id
logisfashion,Logisfashion,ASHBY,logisfashion,0,manifest_id
lookahead,Lookahead,ASHBY,lookahead,0,manifest_id
lookiero,Lookiero,ASHBY,lookiero,0,manifest_id
luce-innovative-technologies,Luce Innovative Technologies,ASHBY,luce-innovative-technologies,0,manifest_id
lumi,Lumi,ASHBY,lumi,0,manifest_id
luxury-escapes,Luxury Escapes,ASHBY,luxury-escapes,0,manifest_id
luzia,Luzia,ASHBY,luzia,0,manifest_id
lyra,Lyra,ASHBY,lyra,0,manifest_id
m47-ai-company,M47 - AI Company,ASHBY,m47-ai-company,0,manifest_id
machines-at-work,Machines at Work,ASHBY,machines-at-work,0,manifest_id
macquarie-group,Macquarie Group,ASHBY,macquarie-group,0,manifest_id
magic-media,Magic Media,ASHBY,magic-media,0,manifest_id
main-sequence,Main Sequence,ASHBY,main-sequence,0,manifest_id
mainfreight,Mainfreight,ASHBY,mainfreight,0,manifest_id
makereatu-technology,Makereatu Technology,ASHBY,makereatu-technology,0,manifest_id
malwarebytes,Malwarebytes,ASHBY,malwarebytes,0,manifest_id
manbau,Manbau,ASHBY,manbau,0,manifest_id
mango,MANGO,ASHBY,mango,0,manifest_id
manufacturing,Manufacturing,ASHBY,manufacturing,0,manifest_id
mapit-iot,Mapit Iot,ASHBY,mapit-iot,0,manifest_id
market-control,Market Control,ASHBY,market-control,0,manifest_id
marks-sattin,Marks Sattin,ASHBY,marks-sattin,0,manifest_id
marqo,Marqo,ASHBY,marqo,0,manifest_id
marsh-risk,Marsh Risk,ASHBY,marsh-risk,0,manifest_id
marvell-technology,Marvell Technology,ASHBY,marvell-technology,0,manifest_id
maxvy-technologies-pvt-ltd,Maxvy Technologies,ASHBY,maxvy-technologies-pvt-ltd,0,manifest_id
may-business,May Business Consulting (Spain) by Izertis,ASHBY,may-business,0,manifest_id
mayday-technology,MAYDAY Technology,ASHBY,mayday-technology,0,manifest_id
mbie,"Ministry of Business, Innovation and Employment",ASHBY,mbie,0,manifest_id
mc-engineering,MC Engineering,ASHBY,mc-engineering,0,manifest_id
mca-espa-a,MCA España,ASHBY,mca-espa-a,0,manifest_id
mceng-espa-a,MCENG ESPAÑA,ASHBY,mceng-espa-a,0,manifest_id
mcnab,McNab,ASHBY,mcnab,0,manifest_id
mcpherson-s-consumer-products,McPherson's Consumer Products,ASHBY,mcpherson-s-consumer-products,0,manifest_id
mcri,Murdoch Children's Research Institute (MCRI),ASHBY,mcri,0,manifest_id
mediamarkt-espa-a,MediaMarkt España,ASHBY,mediamarkt-espa-a,0,manifest_id
meetup,Meetup,ASHBY,meetup,0,manifest_id
melt-group,Melt Group,ASHBY,melt-group,0,manifest_id
merak,MERAK,ASHBY,merak,0,manifest_id
mercadona,Mercadona IT,ASHBY,mercadona,0,manifest_id
merchantspring,MerchantSpring,ASHBY,merchantspring,0,manifest_id
merkle-aotearoa,Merkle Aotearoa,ASHBY,merkle-aotearoa,0,manifest_id
metarina,Metarina,ASHBY,metarina,0,manifest_id
method-recruitment-group,Method Recruitment Group,ASHBY,method-recruitment-group,0,manifest_id
metrica,METRICA,ASHBY,metrica,0,manifest_id
metso,Metso,ASHBY,metso,0,manifest_id
microchip-technology-inc,Microchip Technology Inc.,ASHBY,microchip-technology-inc,0,manifest_id
micromine,Micromine,ASHBY,micromine,0,manifest_id
microsoft,Microsoft,ASHBY,microsoft,0,manifest_id
microsoft-ai,Microsoft AI,ASHBY,microsoft-ai,0,manifest_id
mike-copiloto-inmobiliario,MIKE | Copiloto Inmobiliario,ASHBY,mike-copiloto-inmobiliario,0,manifest_id
mind-recruitment,"Mind Recruitment | specialists in Technology, Executive & IT Sales recruitment",ASHBY,mind-recruitment,0,manifest_id
mindfriend-pro,MindFriend Pro,ASHBY,mindfriend-pro,0,manifest_id
mindrift,Mindrift,ASHBY,mindrift,0,manifest_id
minsait,Minsait,ASHBY,minsait,0,manifest_id
mitre-10-new-zealand-limited,Mitre 10 (New Zealand) Limited,ASHBY,mitre-10-new-zealand-limited,0,manifest_id
mitsui-chemicals-group,Mitsui Chemicals Group,ASHBY,mitsui-chemicals-group,0,manifest_id
mlabs,MLabs,ASHBY,mlabs,0,manifest_id
mlabs,MLabs,GREENHOUSE,mlabs,0,manifest_id
momentum-consulting-group,Momentum Consulting Group,ASHBY,momentum-consulting-group,0,manifest_id
moove-cars,Moove Cars,ASHBY,moove-cars,0,manifest_id
morgan-mckinley,Morgan McKinley,ASHBY,morgan-mckinley,0,manifest_id
morse-micro,Morse Micro,ASHBY,morse-micro,6,manifest_id
mosaic-factor,MOSAIC FACTOR,ASHBY,mosaic-factor,0,manifest_id
motor-trade-association-mta,MTA (Motor Trade Association),ASHBY,motor-trade-association-mta,0,manifest_id
motorola-solutions,Motorola Solutions,ASHBY,motorola-solutions,0,manifest_id
mott-macdonald,Mott MacDonald,ASHBY,mott-macdonald,0,manifest_id
mri-software,MRI Software,ASHBY,mri-software,0,manifest_id
msd-australia-new-zealand,MSD Australia & New Zealand,ASHBY,msd-australia-new-zealand,0,manifest_id
mst-global,MST Global,ASHBY,mst-global,0,manifest_id
murphy-ai,Murphy AI,ASHBY,murphy-ai,0,manifest_id
muscle-nation,Muscle Nation,ASHBY,muscle-nation,0,manifest_id
mutinex,Mutinex,ASHBY,mutinex,0,manifest_id
my-sheet-music-transcriptions,My Sheet Music Transcriptions,ASHBY,my-sheet-music-transcriptions,0,manifest_id
myriota,Myriota,ASHBY,myriota,0,manifest_id
mystro,Mystro,ASHBY,mystro,0,manifest_id
mytech-consulting-services,MYtech Consulting Services,ASHBY,mytech-consulting-services,0,manifest_id
n2s-global,N2S Global,ASHBY,n2s-global,0,manifest_id
nacre-capital,Nacre Capital,ASHBY,nacre-capital,0,manifest_id
narrative,Narrative,ASHBY,narrative,0,manifest_id
natobotics,Natobotics,ASHBY,natobotics,0,manifest_id
natural-selection-group,Natural Selection Group,ASHBY,natural-selection-group,0,manifest_id
naturalsoft,Naturalsoft,ASHBY,naturalsoft,0,manifest_id
navico-group,Navico Group,ASHBY,navico-group,0,manifest_id
nci-brokers,National Credit Insurance (Brokers) Pty Ltd,ASHBY,nci-brokers,0,manifest_id
ncr-voyix,NCR Voyix,ASHBY,ncr-voyix,0,manifest_id
ndeva,Ndeva,ASHBY,ndeva,0,manifest_id
nearmap,Nearmap,ASHBY,nearmap,0,manifest_id
nec-smart-cities,NEC Smart Cities,ASHBY,nec-smart-cities,0,manifest_id
neotalent-conclusion,Neotalent Conclusion,ASHBY,neotalent-conclusion,0,manifest_id
nep-group-inc,"NEP Group, Inc.",ASHBY,nep-group-inc,0,manifest_id
netapp,NetApp,ASHBY,netapp,0,manifest_id
netcarreiras,NetCarreiras,ASHBY,netcarreiras,0,manifest_id
netcheck,NETCheck,ASHBY,netcheck,0,manifest_id
neurored-tms-scm,Neurored TMS & SCM,ASHBY,neurored-tms-scm,0,manifest_id
new-world-consulting,New World Consulting,ASHBY,new-world-consulting,0,manifest_id
new-world-immigration,New World Immigration,ASHBY,new-world-immigration,0,manifest_id
new-zealand-customs-service,New Zealand Customs Service,ASHBY,new-zealand-customs-service,0,manifest_id
newspace-research-and-technologies,NewSpace Research and Technologies,ASHBY,newspace-research-and-technologies,0,manifest_id
nexthink,Nexthink,ASHBY,nexthink,0,manifest_id
nextplay,NextPlay,ASHBY,nextplay,0,manifest_id
nexty-pty-ltd,Nexty Pty Ltd,ASHBY,nexty-pty-ltd,0,manifest_id
ngs-super,NGS Super,ASHBY,ngs-super,0,manifest_id
nib-group,nib Group,ASHBY,nib-group,0,manifest_id
nine-mile,Nine Mile,ASHBY,nine-mile,0,manifest_id
ninjatech-ai,NinjaTech AI,ASHBY,ninjatech-ai,0,manifest_id
nissan-motor-corporation,Nissan Motor Corporation,ASHBY,nissan-motor-corporation,0,manifest_id
noloco,Noloco,ASHBY,noloco,0,manifest_id
northius,Northius,ASHBY,northius,0,manifest_id
northpower,Northpower,ASHBY,northpower,0,manifest_id
nova-systems,Nova Systems,ASHBY,nova-systems,0,manifest_id
novahiring,NovaHiring,ASHBY,novahiring,0,manifest_id
novus-recruitment-solutions,Novus Recruitment Solutions,ASHBY,novus-recruitment-solutions,0,manifest_id
nowon-ag,nowon AG,ASHBY,nowon-ag,0,manifest_id
nsw-education-standards-authority,NSW Education Standards Authority,ASHBY,nsw-education-standards-authority,0,manifest_id
nsw-health,NSW Health,ASHBY,nsw-health,0,manifest_id
ntt-data,NTT DATA,ASHBY,ntt-data,0,manifest_id
nuage-technology-group,Nuage Technology Group,ASHBY,nuage-technology-group,0,manifest_id
nubika-cloud-solutions,Nubika - Cloud Solutions,ASHBY,nubika-cloud-solutions,0,manifest_id
nuix,Nuix,ASHBY,nuix,0,manifest_id
nuix-discover,Nuix,ASHBY,nuix-discover,0,manifest_id
numbero-spain-s-l,NUMBERO Spain S.L.,ASHBY,numbero-spain-s-l,0,manifest_id
nunegal-consulting,Nunegal Consulting,ASHBY,nunegal-consulting,0,manifest_id
nuvento,Nuvento,ASHBY,nuvento,0,manifest_id
nuvia,NUVIA,ASHBY,nuvia,0,manifest_id
nx-technologies,NX Technologies,ASHBY,nx-technologies,0,manifest_id
nxp-semiconductors,NXP Semiconductors,ASHBY,nxp-semiconductors,0,manifest_id
nzme,New Zealand Media & Entertainment (NZME),ASHBY,nzme,0,manifest_id
oceanagold-corporation,OceanaGold Corporation,ASHBY,oceanagold-corporation,0,manifest_id
odoo,Odoo,ASHBY,odoo,0,manifest_id
ofload,Ofload,ASHBY,ofload,0,manifest_id
oga-ai,OGA.ai,ASHBY,oga-ai,0,manifest_id
omada,Omada,ASHBY,omada,0,manifest_id
on3-works,ON3 WORKS,ASHBY,on3-works,0,manifest_id
one-new-zealand,One New Zealand,ASHBY,one-new-zealand,0,manifest_id
one-playground,One Playground,ASHBY,one-playground,0,manifest_id
oneschool-global,OneSchool Global,ASHBY,oneschool-global,0,manifest_id
onthaast-en-geniet,onthaast en geniet dienstverlening,ASHBY,onthaast-en-geniet,0,manifest_id
onyx-gaming,Onyx Gaming,ASHBY,onyx-gaming,0,manifest_id
ooh,oOh!,ASHBY,ooh,0,manifest_id
open,Open,ASHBY,open,0,manifest_id
open-assessment-technologies,Open Assessment Technologies,ASHBY,open-assessment-technologies,0,manifest_id
opennebula-systems,OpenNebula Systems,ASHBY,opennebula-systems,0,manifest_id
optiver,Optiver,ASHBY,optiver,0,manifest_id
optiver,Optiver,GREENHOUSE,optiver,0,manifest_id
opus-recruitment-solutions,Opus Recruitment Solutions,ASHBY,opus-recruitment-solutions,0,manifest_id
orbidi,ORBIDI,ASHBY,orbidi,0,manifest_id
orbis-group,Orbis Group,ASHBY,orbis-group,0,manifest_id
orion-health,Orion Health,ASHBY,orion-health,0,manifest_id
orisha-commerce,Orisha Commerce,ASHBY,orisha-commerce,0,manifest_id
oritain,Oritain,ASHBY,oritain,0,manifest_id
ormazabal,Ormazabal,ASHBY,ormazabal,0,manifest_id
ormco,Ormco,ASHBY,ormco,0,manifest_id
ornata,Ornata,ASHBY,ornata,0,manifest_id
orquest-retail-smart-planning,Orquest - Retail Smart Planning,ASHBY,orquest-retail-smart-planning,0,manifest_id
osf-digital,OSF Digital,ASHBY,osf-digital,0,manifest_id
outrigo,Outrigo,ASHBY,outrigo,0,manifest_id
ow-ocean-winds,OW Ocean Winds,ASHBY,ow-ocean-winds,0,manifest_id
pagonxt-a-santander-company,PagoNxt (a Santander company),ASHBY,pagonxt-a-santander-company,0,manifest_id
palex-espa-a,Palex España,ASHBY,palex-espa-a,0,manifest_id
palta,Palta,ASHBY,palta,0,manifest_id
pan-pac-forest-products-ltd,Pan Pac Forest Products Ltd,ASHBY,pan-pac-forest-products-ltd,0,manifest_id
panel-sistemas-informaticos,Panel Sistemas,ASHBY,panel-sistemas-informaticos,0,manifest_id
panthr,Panthr,ASHBY,panthr,0,manifest_id
papernest,papernest,ASHBY,papernest,0,manifest_id
paradigma-digital,Paradigma Digital,ASHBY,paradigma-digital,0,manifest_id
parallaxos,ParallaxOS,ASHBY,parallaxos,0,manifest_id
paramount-australia-new-zealand,Paramount Australia & New Zealand,ASHBY,paramount-australia-new-zealand,0,manifest_id
parking-network-b-v,Parking Network B.V.,ASHBY,parking-network-b-v,0,manifest_id
passporter,Passporter,ASHBY,passporter,0,manifest_id
pathify,Pathify,ASHBY,pathify,0,manifest_id
pax8,Pax8,ASHBY,pax8,0,manifest_id
paxerahealth,PaxeraHealth,ASHBY,paxerahealth,0,manifest_id
paxus,Paxus,ASHBY,paxus,0,manifest_id
paymentology,Paymentology,ASHBY,paymentology,0,manifest_id
pearson-carter,Pearson Carter,ASHBY,pearson-carter,0,manifest_id
peoplebank,Peoplebank,ASHBY,peoplebank,0,manifest_id
performanze,Performanze,ASHBY,performanze,0,manifest_id
persistent-systems,Persistent Systems,ASHBY,persistent-systems,0,manifest_id
pet-circle,Pet Circle,ASHBY,pet-circle,0,manifest_id
pharos,Pharos,ASHBY,pharos,1,manifest_id
phocas-software,Phocas Software,ASHBY,phocas-software,0,manifest_id
picsil,PICSIL,ASHBY,picsil,0,manifest_id
pinpoint-talent,Pinpoint Talent,ASHBY,pinpoint-talent,0,manifest_id
playbook,PLAYBOOK,ASHBY,playbook,4,manifest_id
playbook,PLAYBOOK,LEVER,playbook,8,manifest_id
plexus-tech,Plexus Tech,ASHBY,plexus-tech,0,manifest_id
plus-also-studios,Plus Also Studios,ASHBY,plus-also-studios,0,manifest_id
pop-mart,POP MART,ASHBY,pop-mart,0,manifest_id
port-d-informaci-cient-fica,Port d'Informació Científica,ASHBY,port-d-informaci-cient-fica,0,manifest_id
powerfleet,Powerfleet,ASHBY,powerfleet,0,manifest_id
pra,PRA,ASHBY,pra,0,manifest_id
practiv,Practiv,ASHBY,practiv,0,manifest_id
praetorian-aeronautics,Praetorian Aeronautics,ASHBY,praetorian-aeronautics,0,manifest_id
pragmatike,Pragmatike,ASHBY,pragmatike,25,manifest_id
pratt-whitney,Pratt & Whitney,ASHBY,pratt-whitney,0,manifest_id
preacta,Preacta,ASHBY,preacta,0,manifest_id
preferable-crafting-careers,EIL Global,ASHBY,preferable-crafting-careers,0,manifest_id
prima,Prima,ASHBY,prima,0,manifest_id
primeit-espa-a,PrimeIT,ASHBY,primeit-espa-a,0,manifest_id
primer-impacto,primer impacto,ASHBY,primer-impacto,0,manifest_id
proarcai,Proarcai,ASHBY,proarcai,0,manifest_id
procesia,Procesia,ASHBY,procesia,0,manifest_id
prodevelop,Prodevelop,ASHBY,prodevelop,0,manifest_id
profile-software-services,Profile Software Services,ASHBY,profile-software-services,0,manifest_id
profound-people,ProFound People,ASHBY,profound-people,0,manifest_id
prospa,Prospa,ASHBY,prospa,0,manifest_id
prospa,Prospa,GREENHOUSE,prospa,7,manifest_id
protecht,Protecht,ASHBY,protecht,0,manifest_id
protoinfo,Protoinfo,ASHBY,protoinfo,0,manifest_id
psc-by-rocket-lab,PSC by Rocket Lab,ASHBY,psc-by-rocket-lab,0,manifest_id
publicis-sapient,Publicis Sapient,ASHBY,publicis-sapient,0,manifest_id
pwc-australia,PwC Australia,ASHBY,pwc-australia,0,manifest_id
pwc-new-zealand,PwC New Zealand,ASHBY,pwc-new-zealand,0,manifest_id
qaracter-beyond-your-challenge,Qaracter - Beyond your Challenge,ASHBY,qaracter-beyond-your-challenge,0,manifest_id
qualcomm,Qualcomm,ASHBY,qualcomm,0,manifest_id
quantium,Quantium,ASHBY,quantium,0,manifest_id
quantium,Quantium,GREENHOUSE,quantium,45,manifest_id
quantumblack-ai-by-mckinsey,"QuantumBlack, AI by McKinsey",ASHBY,quantumblack-ai-by-mckinsey,0,manifest_id
quik-hire-staffing,Quik Hire Staffing,ASHBY,quik-hire-staffing,0,manifest_id
quixotic,QUIXOTIC,ASHBY,quixotic,0,manifest_id
randstad-digital-new-zealand,Randstad Digital New Zealand,ASHBY,randstad-digital-new-zealand,0,manifest_id
randstad-new-zealand,Randstad New Zealand,ASHBY,randstad-new-zealand,0,manifest_id
ravensdown,Ravensdown,ASHBY,ravensdown,0,manifest_id
rdt,RDT,ASHBY,rdt,0,manifest_id
realtyassist,RealtyAssist,ASHBY,realtyassist,0,manifest_id
reason-group,Reason Group,ASHBY,reason-group,0,manifest_id
reclut,Reclut,ASHBY,reclut,0,manifest_id
recmatrix-consulting,Recmatrix Consulting,ASHBY,recmatrix-consulting,0,manifest_id
recordpoint,RecordPoint,ASHBY,recordpoint,0,manifest_id
recordpoint,RecordPoint,LEVER,recordpoint,12,manifest_id
recovo,Recovo,ASHBY,recovo,0,manifest_id
red-hat,Red Hat,ASHBY,red-hat,0,manifest_id
redslim,Redslim,ASHBY,redslim,0,manifest_id
regenera,REGENERA,ASHBY,regenera,0,manifest_id
relocate-me,Relocate.me,ASHBY,relocate-me,0,manifest_id
renaissance-infosystems,Renaissance InfoSystems,ASHBY,renaissance-infosystems,0,manifest_id
rentokil-initial,Rentokil Initial,ASHBY,rentokil-initial,0,manifest_id
reserve-bank-of-australia,Reserve Bank of Australia,ASHBY,reserve-bank-of-australia,0,manifest_id
reserve-bank-of-new-zealand,Reserve Bank of New Zealand,ASHBY,reserve-bank-of-new-zealand,0,manifest_id
resonate-cx,Resonate CX,ASHBY,resonate-cx,0,manifest_id
respondent,Respondent,ASHBY,respondent,0,manifest_id
retained,Retained,ASHBY,retained,0,manifest_id
retained,Retained,GREENHOUSE,retained,1,manifest_id
rever-yc-s22,REVER,ASHBY,rever-yc-s22,0,manifest_id
revolut,Revolut,ASHBY,revolut,0,manifest_id
rewe-digital-spain,REWE digital Spain,ASHBY,rewe-digital-spain,0,manifest_id
rheinmetall,Rheinmetall,ASHBY,rheinmetall,0,manifest_id
rib-software,RIB Software,ASHBY,rib-software,0,manifest_id
ridik-clps,RiDiK (a Subsidiary of CLPS. Nasdaq: CLPS),ASHBY,ridik-clps,0,manifest_id
rio-tinto,Rio Tinto,ASHBY,rio-tinto,0,manifest_id
ripple,Ripple,ASHBY,ripple,0,manifest_id
ripple,Ripple,GREENHOUSE,ripple,135,manifest_id
rmkble,Rmkble,ASHBY,rmkble,0,manifest_id
robert-walters,Robert Walters,ASHBY,robert-walters,0,manifest_id
rodi-motor-services,Rodi Motor Services,ASHBY,rodi-motor-services,0,manifest_id
rohde-schwarz,Rohde & Schwarz,ASHBY,rohde-schwarz,0,manifest_id
rollforming-services-limited,Rollforming Services Limited,ASHBY,rollforming-services-limited,0,manifest_id
romeu,Romeu,ASHBY,romeu,0,manifest_id
roompricegenie,RoomPriceGenie,ASHBY,roompricegenie,12,manifest_id
roomstay,Roomstay,ASHBY,roomstay,0,manifest_id
rover-com,Rover.com,ASHBY,rover-com,0,manifest_id
rwa-people,RWA People,ASHBY,rwa-people,0,manifest_id
ryft-ventures,Ryft Ventures,ASHBY,ryft-ventures,0,manifest_id
ryman-healthcare,Ryman Healthcare,ASHBY,ryman-healthcare,0,manifest_id
s2grupo,S2GRUPO,ASHBY,s2grupo,0,manifest_id
saab-australia,Saab Australia,ASHBY,saab-australia,0,manifest_id
sabseg-group,SABSEG GROUP,ASHBY,sabseg-group,0,manifest_id
sacyr,SACYR,ASHBY,sacyr,0,manifest_id
saeta-yield,Saeta Yield,ASHBY,saeta-yield,0,manifest_id
safewill,Safewill,ASHBY,safewill,0,manifest_id
safran-navigation-timing,Safran - Navigation & Timing,ASHBY,safran-navigation-timing,0,manifest_id
salient-group,Salient,ASHBY,salient-group,0,manifest_id
salt,Salt,ASHBY,salt,0,manifest_id
sandfield,Sandfield,ASHBY,sandfield,0,manifest_id
sandwai,Sandwai,ASHBY,sandwai,0,manifest_id
sanlucar-company,SanLucar Company,ASHBY,sanlucar-company,0,manifest_id
sanoma-learning,Sanoma Learning,ASHBY,sanoma-learning,0,manifest_id
santander-digital-services,Santander Digital Services,ASHBY,santander-digital-services,0,manifest_id
sap-business-bydesign-france,SAP Business ByDesign - France,ASHBY,sap-business-bydesign-france,0,manifest_id
sap-fioneer,SAP Fioneer,ASHBY,sap-fioneer,0,manifest_id
sapia-ai,Sapia.ai,ASHBY,sapia-ai,0,manifest_id
sarah-sebastian,SARAH & SEBASTIAN,ASHBY,sarah-sebastian,0,manifest_id
sateliot,Sateliot,ASHBY,sateliot,0,manifest_id
savvy-data-systems,SAVVY DATA SYSTEMS,ASHBY,savvy-data-systems,0,manifest_id
scan-it,Scan-IT,ASHBY,scan-it,0,manifest_id
scanz,Scanz,ASHBY,scanz,0,manifest_id
scg-midlands,SCG Midlands,ASHBY,scg-midlands,0,manifest_id
schneider-electric,Schneider Electric,ASHBY,schneider-electric,0,manifest_id
schwarz-digits,Schwarz Digits,ASHBY,schwarz-digits,0,manifest_id
scout-talent-digital,Scout Talent.Digital,ASHBY,scout-talent-digital,0,manifest_id
sdi,SDi,ASHBY,sdi,0,manifest_id
sea-ports,SEA & PORTS,ASHBY,sea-ports,0,manifest_id
sea-to-summit,Sea to Summit,ASHBY,sea-to-summit,0,manifest_id
sealed-air-corporation,Sealed Air Corporation,ASHBY,sealed-air-corporation,0,manifest_id
second-window,Second Window,ASHBY,second-window,0,manifest_id
sector-alarm-espa-a,Sector Alarm España,ASHBY,sector-alarm-espa-a,0,manifest_id
sector-alarm-group,Sector Alarm Group,ASHBY,sector-alarm-group,0,manifest_id
secture,Secture,ASHBY,secture,0,manifest_id
securecom,Securecom,ASHBY,securecom,0,manifest_id
securepii,SecurePII,ASHBY,securepii,0,manifest_id
securitease,SecuritEase,ASHBY,securitease,0,manifest_id
sedecal,SEDECAL,ASHBY,sedecal,0,manifest_id
seequent,Seequent,ASHBY,seequent,0,manifest_id
seidor,SEIDOR,ASHBY,seidor,0,manifest_id
seisma-group,SEISMA GROUP,ASHBY,seisma-group,0,manifest_id
selfwealth-by-syfe,Selfwealth by Syfe,ASHBY,selfwealth-by-syfe,0,manifest_id
seltime-sl,Seltime SL,ASHBY,seltime-sl,0,manifest_id
semrush,Semrush,ASHBY,semrush,0,manifest_id
senovo-it-ltd,Senovo IT Ltd,ASHBY,senovo-it-ltd,0,manifest_id
serco-space,Serco Space Services - Europe Careers,ASHBY,serco-space,0,manifest_id
serem-consultor-a-empresarial,Serem,ASHBY,serem-consultor-a-empresarial,0,manifest_id
seres-docaposte-group,Seres (Docaposte Group),ASHBY,seres-docaposte-group,0,manifest_id
seresco,Seresco,ASHBY,seresco,0,manifest_id
serko,Serko,ASHBY,serko,0,manifest_id
service-foods,Service Foods,ASHBY,service-foods,0,manifest_id
set-europa,SET Europa,ASHBY,set-europa,0,manifest_id
seven-west-media,Seven West Media,ASHBY,seven-west-media,0,manifest_id
sg-consulting-limited,SG Consulting Limited,ASHBY,sg-consulting-limited,0,manifest_id
shiftcare,ShiftCare,ASHBY,shiftcare,0,manifest_id
shipco-it,Shipco IT,ASHBY,shipco-it,0,manifest_id
shoptimus-ai,Shoptimus AI,ASHBY,shoptimus-ai,0,manifest_id
showcase-workshop,Showcase Workshop,ASHBY,showcase-workshop,0,manifest_id
sika,Sika,ASHBY,sika,0,manifest_id
silicon-quantum-computing,Silicon Quantum Computing,ASHBY,silicon-quantum-computing,0,manifest_id
silverchef,SilverChef,ASHBY,silverchef,0,manifest_id
simple-machines,Simple Machines,ASHBY,simple-machines,0,manifest_id
simply-wall-st,Simply Wall St,ASHBY,simply-wall-st,8,manifest_id
simur,SIMUR,ASHBY,simur,0,manifest_id
sinch,Sinch,ASHBY,sinch,0,manifest_id
singular-people,Singular People,ASHBY,singular-people,0,manifest_id
sita,SITA,ASHBY,sita,0,manifest_id
sitehive,SiteHive,ASHBY,sitehive,0,manifest_id
skills-group,Skills Group,ASHBY,skills-group,0,manifest_id
skl-technology,SKL Technology,ASHBY,skl-technology,0,manifest_id
sky-new-zealand,Sky New Zealand,ASHBY,sky-new-zealand,0,manifest_id
skycell-ag,SkyCell AG,ASHBY,skycell-ag,0,manifest_id
slalom,Slalom,ASHBY,slalom,0,manifest_id
sleek,Sleek,ASHBY,sleek,0,manifest_id
smadex,Smadex,ASHBY,smadex,0,manifest_id
smartmind,SmartMind,ASHBY,smartmind,0,manifest_id
smc-aus-nz,SMC Corporation Australia and New Zealand,ASHBY,smc-aus-nz,0,manifest_id
smg-studio,SMG Studio,ASHBY,smg-studio,0,manifest_id
socialite-recruitment-ltd,Socialite Recruitment Ltd.,ASHBY,socialite-recruitment-ltd,0,manifest_id
societe-generale,Societe Generale,ASHBY,societe-generale,0,manifest_id
sodexo,Sodexo,ASHBY,sodexo,0,manifest_id
software-of-excellence,Software of Excellence,ASHBY,software-of-excellence,0,manifest_id
sol-studios,SOL STUDIOS,ASHBY,sol-studios,0,manifest_id
soltel-group,SOLTEL Group,ASHBY,soltel-group,0,manifest_id
solvar,Solvar,ASHBY,solvar,0,manifest_id
sonder,Sonder,ASHBY,sonder,0,manifest_id
sopra-steria,Sopra Steria,ASHBY,sopra-steria,0,manifest_id
sotec-consulting,SOTEC CONSULTING,ASHBY,sotec-consulting,0,manifest_id
sourced-it-recruitment,Sourced IT Recruitment,ASHBY,sourced-it-recruitment,0,manifest_id
south-australia-police,South Australia Police,ASHBY,south-australia-police,0,manifest_id
southern-cross,Southern Cross,ASHBY,southern-cross,0,manifest_id
southern-cross-health-insurance,Southern Cross Health Insurance,ASHBY,southern-cross-health-insurance,0,manifest_id
southern-cross-university,Southern Cross University,ASHBY,southern-cross-university,0,manifest_id
space-machines-company,Space Machines Company,ASHBY,space-machines-company,0,manifest_id
spacespecialists-ltd,SpaceSpecialists Ltd,ASHBY,spacespecialists-ltd,0,manifest_id
spawnpoint-media,Spawnpoint Media,ASHBY,spawnpoint-media,0,manifest_id
spendesk,Spendesk,ASHBY,spendesk,0,manifest_id
spendesk,Spendesk,LEVER,spendesk,0,manifest_id
sploro,Sploro,ASHBY,sploro,0,manifest_id
splose,splose,ASHBY,splose,0,manifest_id
spoki,Spoki,ASHBY,spoki,0,manifest_id
springday,Springday,ASHBY,springday,0,manifest_id
square-peg,Square Peg,ASHBY,square-peg,0,manifest_id
squiz,Squiz,ASHBY,squiz,0,manifest_id
st-trinity-property-group,St Trinity Property Group,ASHBY,st-trinity-property-group,0,manifest_id
stantec,Stantec,ASHBY,stantec,0,manifest_id
starboard-maritime-intelligence,Starboard Maritime Intelligence,ASHBY,starboard-maritime-intelligence,0,manifest_id
starling,Starling,ASHBY,starling,0,manifest_id
starrez-inc,"StarRez, Inc.",ASHBY,starrez-inc,0,manifest_id
stats-nz,Stats NZ,ASHBY,stats-nz,0,manifest_id
steelx-pty-ltd,Steelx Pty Ltd,ASHBY,steelx-pty-ltd,0,manifest_id
sterry,STERRY,ASHBY,sterry,0,manifest_id
stolen-girlfriends-club,Stolen Girlfriends Club,ASHBY,stolen-girlfriends-club,0,manifest_id
strata-title-administration-ltd,Strata Title Administration Ltd,ASHBY,strata-title-administration-ltd,0,manifest_id
stripe,Stripe,ASHBY,stripe,0,manifest_id
stripe,Stripe,GREENHOUSE,stripe,528,manifest_id
studiosity,Studiosity,ASHBY,studiosity,0,manifest_id
supportyourapp,SupportYourApp,ASHBY,supportyourapp,0,manifest_id
suse,SUSE,ASHBY,suse,0,manifest_id
susquehanna-international-group,Susquehanna International Group,ASHBY,susquehanna-international-group,0,manifest_id
swipejobs,swipejobs,ASHBY,swipejobs,0,manifest_id
synchronise-resourcing,Synchronise Resourcing,ASHBY,synchronise-resourcing,0,manifest_id
syntonize,Syntonize,ASHBY,syntonize,0,manifest_id
synvert,synvert,ASHBY,synvert,0,manifest_id
sypaq-systems,SYPAQ Systems,ASHBY,sypaq-systems,0,manifest_id
t-mapp,T-mapp,ASHBY,t-mapp,0,manifest_id
tait-communications,Tait Communications,ASHBY,tait-communications,0,manifest_id
talan,Talan,ASHBY,talan,0,manifest_id
talent,Talent International,ASHBY,talent,0,manifest_id
talent,Talent International,GREENHOUSE,talent,2,manifest_id
talentpath-recruitment,Talentpath Recruitment,ASHBY,talentpath-recruitment,0,manifest_id
talenza,Talenza,ASHBY,talenza,0,manifest_id
targetjobs-uk,targetjobs UK,ASHBY,targetjobs-uk,0,manifest_id
tarlogic,Tarlogic,ASHBY,tarlogic,0,manifest_id
teamupdraft,TeamUpdraft,ASHBY,teamupdraft,0,manifest_id
teamwire,Teamwire,ASHBY,teamwire,0,manifest_id
tecalliance,TecAlliance,ASHBY,tecalliance,0,manifest_id
tech-frank,Tech Frank,ASHBY,tech-frank,0,manifest_id
tech-mahindra,Tech Mahindra,ASHBY,tech-mahindra,0,manifest_id
tech-people-247,Tech People 247,ASHBY,tech-people-247,0,manifest_id
tech-savvy-consulting-tsc,Tech Savvy Consulting (TSC),ASHBY,tech-savvy-consulting-tsc,0,manifest_id
techdelivery,TechDelivery,ASHBY,techdelivery,0,manifest_id
techdotbit,Techdotbit,ASHBY,techdotbit,0,manifest_id
technica-electronics,Technica Electronics Barcelona,ASHBY,technica-electronics,0,manifest_id
technica-engineering-spain,Technica Engineering Spain,ASHBY,technica-engineering-spain,0,manifest_id
technology-cii,Technology CII,ASHBY,technology-cii,0,manifest_id
techsoulogy,Techsoulogy,ASHBY,techsoulogy,0,manifest_id
tecnonalia,Tecnalia,ASHBY,tecnonalia,0,manifest_id
teg-pty-ltd,TEG,ASHBY,teg-pty-ltd,0,manifest_id
tekfinder,tekFinder,ASHBY,tekfinder,0,manifest_id
teksystems,TEKsystems,ASHBY,teksystems,0,manifest_id
tennis-australia,Tennis Australia,ASHBY,tennis-australia,0,manifest_id
teqnova,Teqnova,ASHBY,teqnova,0,manifest_id
terra15,terra15,ASHBY,terra15,0,manifest_id
tesla,Tesla,ASHBY,tesla,0,manifest_id
tether,Tether,ASHBY,tether,0,manifest_id
textil-santanderina,Santanderina Group,ASHBY,textil-santanderina,0,manifest_id
tf-bank-ab-publ,TF Bank AB (publ),ASHBY,tf-bank-ab-publ,0,manifest_id
tgw-ib-rica,TGW Ibérica,ASHBY,tgw-ib-rica,0,manifest_id
thanks,Thanks,ASHBY,thanks,0,manifest_id
the-boundary,The Boundary,ASHBY,the-boundary,0,manifest_id
the-comfort-group-asia-pacific,The Comfort Group - Asia Pacific,ASHBY,the-comfort-group-asia-pacific,0,manifest_id
the-ct-engineering-group,THE CT ENGINEERING GROUP,ASHBY,the-ct-engineering-group,0,manifest_id
the-good-source,The Good Source,ASHBY,the-good-source,0,manifest_id
the-lines-company,The Lines Company,ASHBY,the-lines-company,0,manifest_id
the-mullings-group,The Mullings Group,ASHBY,the-mullings-group,0,manifest_id
the-post,The Post,ASHBY,the-post,0,manifest_id
the-roadmap,The Roadmap,ASHBY,the-roadmap,0,manifest_id
the-university-of-waikato,University of Waikato,ASHBY,the-university-of-waikato,0,manifest_id
the-upskill-academy,The Upskill Academy,ASHBY,the-upskill-academy,0,manifest_id
the-warehouse-group,The Warehouse Group,ASHBY,the-warehouse-group,0,manifest_id
the-west-australian,The West Australian,ASHBY,the-west-australian,0,manifest_id
thedrivegroup,TheDriveGroup,ASHBY,thedrivegroup,0,manifest_id
thevaluefactory-sl,Thevaluefactory SL,ASHBY,thevaluefactory-sl,0,manifest_id
think-grow,Think & Grow,ASHBY,think-grow,0,manifest_id
thomas-frost-executive,Thomas Frost Executive,ASHBY,thomas-frost-executive,0,manifest_id
tiktok,TikTok,ASHBY,tiktok,0,manifest_id
timescapes,Timescapes,ASHBY,timescapes,0,manifest_id
tinybird,Tinybird,ASHBY,tinybird,0,manifest_id
tinybird,Tinybird,LEVER,tinybird,3,manifest_id
tmgm,TMGM,ASHBY,tmgm,0,manifest_id
tna-solutions,TNA Solutions,ASHBY,tna-solutions,0,manifest_id
together-nz,Together - NZ,ASHBY,together-nz,0,manifest_id
tomoro,Tomoro,ASHBY,tomoro,0,manifest_id
tomra,TOMRA,ASHBY,tomra,0,manifest_id
tomtom,TomTom,ASHBY,tomtom,0,manifest_id
torch-professional-services,Torch Professional Services,ASHBY,torch-professional-services,0,manifest_id
total-specific-solutions,Total Specific Solutions,ASHBY,total-specific-solutions,0,manifest_id
total-specific-solutions,Total Specific Solutions,GREENHOUSE,tss,6,alt_slug
totara,Totara,ASHBY,totara,0,manifest_id
tra,TRA,ASHBY,tra,0,manifest_id
tracplus,TracPlus,ASHBY,tracplus,0,manifest_id
trade-view,Trade View,ASHBY,trade-view,0,manifest_id
tradeweb,Tradeweb,ASHBY,tradeweb,0,manifest_id
tradewindow,TradeWindow,ASHBY,tradewindow,0,manifest_id
tradify,Tradify,ASHBY,tradify,0,manifest_id
traild,Traild,ASHBY,traild,0,manifest_id
trane-technologies,Trane Technologies,ASHBY,trane-technologies,0,manifest_id
transmax-pty-ltd,Transmax Pty Ltd,ASHBY,transmax-pty-ltd,0,manifest_id
tranzita,Tranzita,ASHBY,tranzita,0,manifest_id
travelperk,TravelPerk,ASHBY,travelperk,0,manifest_id
trbl-services,TRBL Services,ASHBY,trbl-services,0,manifest_id
trc,TRC Informática,ASHBY,trc,0,manifest_id
tribe,Tribe Recruitment,ASHBY,tribe,0,manifest_id
trident-maritime-systems,Trident Maritime Systems,ASHBY,trident-maritime-systems,0,manifest_id
trimble,Trimble,ASHBY,trimble,0,manifest_id
trinetix,Trinetix,ASHBY,trinetix,0,manifest_id
triniti,triniti,ASHBY,triniti,0,manifest_id
true-blue,True Blue,ASHBY,true-blue,0,manifest_id
tryzens-global,Tryzens Global,ASHBY,tryzens-global,0,manifest_id
tseft,Australian Institute of Emotion Focused Therapy,ASHBY,tseft,0,manifest_id
tucuvi,Tucuvi,ASHBY,tucuvi,0,manifest_id
tuotempo,TuoTempo,ASHBY,tuotempo,0,manifest_id
tuy-technology,TUYÚ Technology,ASHBY,tuy-technology,0,manifest_id
twine,Twine,ASHBY,twine,2,manifest_id
twirll,Twirll,ASHBY,twirll,0,manifest_id
tymex,TymeX,ASHBY,tymex,0,manifest_id
typeform,Typeform,ASHBY,typeform,0,manifest_id
typeform,Typeform,GREENHOUSE,typeform,17,manifest_id
ucc-coffee-spain,UCC Coffee Spain,ASHBY,ucc-coffee-spain,0,manifest_id
ucentric,UCentric,ASHBY,ucentric,0,manifest_id
ul-solutions,UL Solutions,ASHBY,ul-solutions,0,manifest_id
ultradata,Ultradata,ASHBY,ultradata,0,manifest_id
un-common,UN/COMMON España,ASHBY,un-common,0,manifest_id
undisclosed-employer,Undisclosed Employer,ASHBY,undisclosed-employer,0,manifest_id
unimedia-technology,Unimedia Technology,ASHBY,unimedia-technology,0,manifest_id
unir-rioja,UNIR | Universidad Internacional de La Rioja,ASHBY,unir-rioja,0,manifest_id
unison-group,Unison Group,ASHBY,unison-group,0,manifest_id
united-digital-group,UDG,ASHBY,united-digital-group,0,manifest_id
univeris,Univeris,ASHBY,univeris,0,manifest_id
universia-espa-a,Universia España,ASHBY,universia-espa-a,0,manifest_id
university-of-otago,University of Otago,ASHBY,university-of-otago,0,manifest_id
upbe,Upbe,ASHBY,upbe,0,manifest_id
uptech-sensing,Uptech Sensing,ASHBY,uptech-sensing,0,manifest_id
upwork,Upwork,ASHBY,upwork,0,manifest_id
upwork,Upwork,GREENHOUSE,upwork,51,manifest_id
ust,UST,ASHBY,ust,0,manifest_id
ust-espa-a-latam,UST España & Latam,ASHBY,ust-espa-a-latam,0,manifest_id
uve-solutions,UVE Solutions,ASHBY,uve-solutions,0,manifest_id
uvic-ucc,Universitat de Vic – Universitat Central de Catalunya,ASHBY,uvic-ucc,0,manifest_id
v-p-nandakumar,V.P. Nandakumar,ASHBY,v-p-nandakumar,0,manifest_id
valantic-dxa,valantic DXA,ASHBY,valantic-dxa,0,manifest_id
vale-partners,VALE Partners,ASHBY,vale-partners,0,manifest_id
vasion,Vasion,ASHBY,vasion,0,manifest_id
vast-data,VAST Data,ASHBY,vast-data,0,manifest_id
vellum-esg-pty-ltd,Vellum ESG Pty Ltd,ASHBY,vellum-esg-pty-ltd,0,manifest_id
veridas,Veridas,ASHBY,veridas,0,manifest_id
verisure,Verisure,ASHBY,verisure,0,manifest_id
vermont-solutions,Vermont Solutions,ASHBY,vermont-solutions,0,manifest_id
verse,Verse,ASHBY,verse,0,manifest_id
verse,Verse,GREENHOUSE,verse,4,manifest_id
vexiza,Vexiza,ASHBY,vexiza,0,manifest_id
vincci-hoteles,Vincci Hoteles,ASHBY,vincci-hoteles,0,manifest_id
vinci,VINCI,ASHBY,vinci,0,manifest_id
visia-solutions,Visia Solutions,ASHBY,visia-solutions,0,manifest_id
visiotech-espa-a,Visiotech España,ASHBY,visiotech-espa-a,0,manifest_id
visium,Visium,ASHBY,visium,0,manifest_id
visualcare,Visualcare,ASHBY,visualcare,0,manifest_id
viterbit,Viterbit,ASHBY,viterbit,0,manifest_id
vivanti-consulting,Vivanti,ASHBY,vivanti-consulting,0,manifest_id
vivcourt-trading,VivCourt Trading,ASHBY,vivcourt-trading,0,manifest_id
vmia,Victorian Managed Insurance Authority,ASHBY,vmia,0,manifest_id
vonage,Vonage,ASHBY,vonage,0,manifest_id
vonage,Vonage,GREENHOUSE,vonage,79,manifest_id
w-t-fx,Wētā FX,ASHBY,w-t-fx,0,manifest_id
wa-country-health-service,WA Country Health Service,ASHBY,wa-country-health-service,0,manifest_id
wagetap,Wagetap,ASHBY,wagetap,0,manifest_id
wallapop,Wallapop,ASHBY,wallapop,0,manifest_id
wallapop,Wallapop,GREENHOUSE,wallapop,16,manifest_id
wayfaring,Wayfaring,ASHBY,wayfaring,0,manifest_id
weave-recruitment,Weave Recruitment,ASHBY,weave-recruitment,0,manifest_id
weave-recruitment,Weave Recruitment,GREENHOUSE,weave,10,alt_slug
webbeds,WebBeds,ASHBY,webbeds,0,manifest_id
websultanate,Websultanate,ASHBY,websultanate,0,manifest_id
weel,Weel,ASHBY,weel,0,manifest_id
wegive,WeGive,ASHBY,wegive,0,manifest_id
wehunt-espa-a,WeHunt España,ASHBY,wehunt-espa-a,0,manifest_id
westpac,Westpac,ASHBY,westpac,0,manifest_id
westpac-group,Westpac,ASHBY,westpac-group,0,manifest_id
westpac-new-zealand,Westpac New Zealand,ASHBY,westpac-new-zealand,0,manifest_id
weta-fx,Wētā FX,ASHBY,weta-fx,0,manifest_id
whip-around,Whip Around,ASHBY,whip-around,0,manifest_id
white-bay,White Bay,ASHBY,white-bay,0,manifest_id
white-fox-boutique,White Fox Boutique,ASHBY,white-fox-boutique,0,manifest_id
whizdom,Whizdom,ASHBY,whizdom,0,manifest_id
wildix,Wildix,ASHBY,wildix,0,manifest_id
winable-recruitment,Winable Recruitment,ASHBY,winable-recruitment,0,manifest_id
windcave,Windcave,ASHBY,windcave,0,manifest_id
wipro,Wipro,ASHBY,wipro,0,manifest_id
wise-security-global,Wise Security Global,ASHBY,wise-security-global,0,manifest_id
witi,WITI,ASHBY,witi,0,manifest_id
wizeline,Wizeline,ASHBY,wizeline,0,manifest_id
wizeline,Wizeline,GREENHOUSE,wizeline,84,manifest_id
woolworths-group,Woolworths Group,ASHBY,woolworths-group,0,manifest_id
wsp,WSP,ASHBY,wsp,0,manifest_id
wsp-in-canada,WSP in Canada,ASHBY,wsp-in-canada,0,manifest_id
xaviroca-com,xaviroca.com,ASHBY,xaviroca-com,0,manifest_id
xero,Xero,ASHBY,xero,109,manifest_id
xero,Xero,LEVER,xero,0,manifest_id
xestro-pty-ltd,Xestro Pty Ltd,ASHBY,xestro-pty-ltd,0,manifest_id
xpansiv,Xpansiv,ASHBY,xpansiv,0,manifest_id
xplain,Xplain,ASHBY,xplain,0,manifest_id
xplor-search,Xplor Search,ASHBY,xplor-search,0,manifest_id
xplor-technologies,Xplor Technologies,ASHBY,xplor-technologies,0,manifest_id
xpt-software,XPT Software,ASHBY,xpt-software,0,manifest_id
xpt-software-australia,XPT Software,ASHBY,xpt-software-australia,0,manifest_id
xy-sense,XY Sense,ASHBY,xy-sense,0,manifest_id
yapily,Yapily,ASHBY,yapily,0,manifest_id
yeti,YETI,ASHBY,yeti,0,manifest_id
youshift,YouShift,ASHBY,youshift,0,manifest_id
yuno,Yuno,ASHBY,yuno,0,manifest_id
yuno,Yuno,LEVER,yuno,12,manifest_id
yuvod,Yuvod,ASHBY,yuvod,0,manifest_id
z-energy,Z Energy,ASHBY,z-energy,0,manifest_id
z-energy-nz,Z Energy NZ,ASHBY,z-energy-nz,0,manifest_id
zendesk,Zendesk,ASHBY,zendesk,0,manifest_id
zenova,Zenova,ASHBY,zenova,0,manifest_id
zeo-technology,ZEO Technology,ASHBY,zeo-technology,0,manifest_id
zepto,Zepto,ASHBY,zepto,0,manifest_id
zero41-software,Zero41 Software,ASHBY,zero41-software,0,manifest_id
zespri-international,Zespri International,ASHBY,zespri-international,0,manifest_id
zhejiang-hr,"Zhejiang Zongheng Human Resources Co., Ltd.",ASHBY,zhejiang-hr,0,manifest_id
zinco-ai,Zinco AI,ASHBY,zinco-ai,0,manifest_id
zip-co,Zip,ASHBY,zip-co,0,manifest_id
zipline-io,Zipline.io,ASHBY,zipline-io,0,manifest_id
zvoove,zvoove,ASHBY,zvoove,0,manifest_id
zylk,ZYLK,ASHBY,zylk,0,manifest_id
